{"root":[{"assemblyName":"Assembly-CSharp","nameSpace":"","className":"BasicAI","methodName":"InitializeRPCS_BasicAI","loadTypes":0,"isUnityClass":false},{"assemblyName":"Assembly-CSharp","nameSpace":"","className":"Chest","methodName":"InitializeRPCS_Chest","loadTypes":0,"isUnityClass":false},{"assemblyName":"Assembly-CSharp","nameSpace":"","className":"Island","methodName":"InitializeRPCS_Island","loadTypes":0,"isUnityClass":false},{"assemblyName":"Assembly-CSharp","nameSpace":"","className":"InteractObjective","methodName":"InitializeRPCS_InteractObjective","loadTypes":0,"isUnityClass":false},{"assemblyName":"Assembly-CSharp","nameSpace":"","className":"ItemDrop","methodName":"InitializeRPCS_ItemDrop","loadTypes":0,"isUnityClass":false},{"assemblyName":"Assembly-CSharp","nameSpace":"","className":"MaterialDrop","methodName":"InitializeRPCS_MaterialDrop","loadTypes":0,"isUnityClass":false},{"assemblyName":"Assembly-CSharp","nameSpace":"","className":"WeaponManager","methodName":"InitializeRPCS_WeaponManager","loadTypes":0,"isUnityClass":false},{"assemblyName":"Assembly-CSharp","nameSpace":"","className":"SceneManager","methodName":"InitializeRPCS_SceneManager","loadTypes":0,"isUnityClass":false},{"assemblyName":"Assembly-CSharp","nameSpace":"","className":"Spawner","methodName":"InitializeRPCS_Spawner","loadTypes":0,"isUnityClass":false},{"assemblyName":"Assembly-CSharp","nameSpace":"","className":"SpawnManager","methodName":"InitializeRPCS_SpawnManager","loadTypes":0,"isUnityClass":false},{"assemblyName":"Assembly-CSharp","nameSpace":"","className":"CharacterStats","methodName":"InitializeRPCS_CharacterStats","loadTypes":0,"isUnityClass":false},{"assemblyName":"Assembly-CSharp","nameSpace":"","className":"DestroyableObjectStats","methodName":"InitializeRPCS_DestroyableObjectStats","loadTypes":0,"isUnityClass":false},{"assemblyName":"Assembly-CSharp","nameSpace":"","className":"EnemyStats","methodName":"InitializeRPCS_EnemyStats","loadTypes":0,"isUnityClass":false},{"assemblyName":"Cinemachine","nameSpace":"Cinemachine","className":"CinemachineStoryboard","methodName":"InitializeModule","loadTypes":0,"isUnityClass":false},{"assemblyName":"Cinemachine","nameSpace":"Cinemachine","className":"CinemachineCore","methodName":"InitializeModule","loadTypes":0,"isUnityClass":false},{"assemblyName":"Cinemachine","nameSpace":"Cinemachine","className":"UpdateTracker","methodName":"InitializeModule","loadTypes":0,"isUnityClass":false},{"assemblyName":"Cinemachine","nameSpace":"Cinemachine","className":"CinemachineImpulseManager","methodName":"InitializeModule","loadTypes":0,"isUnityClass":false},{"assemblyName":"Cinemachine","nameSpace":"Cinemachine.PostFX","className":"CinemachineVolumeSettings","methodName":"InitializeModule","loadTypes":0,"isUnityClass":false},{"assemblyName":"Unity.Collections","nameSpace":"","className":"$BurstDirectCallInitializer","methodName":"Initialize","loadTypes":2,"isUnityClass":true},{"assemblyName":"Unity.InputSystem","nameSpace":"UnityEngine.InputSystem","className":"InputSystem","methodName":"RunInitializeInPlayer","loadTypes":4,"isUnityClass":true},{"assemblyName":"Unity.InputSystem","nameSpace":"UnityEngine.InputSystem","className":"InputSystem","methodName":"RunInitialUpdate","loadTypes":1,"isUnityClass":true},{"assemblyName":"Unity.Multiplayer.Tools.Adapters.Ngo1","nameSpace":"Unity.Multiplayer.Tools.Adapters.Ngo1","className":"Ngo1AdapterInitializer","methodName":"InitializeAdapter","loadTypes":0,"isUnityClass":true},{"assemblyName":"Unity.Multiplayer.Tools.Initialization","nameSpace":"Unity.Multiplayer.Tools.Context","className":"ContextsInitializer","methodName":"EnableRuntimeContexts","loadTypes":0,"isUnityClass":true},{"assemblyName":"Unity.Multiplayer.Tools.NetworkProfiler.Runtime","nameSpace":"Unity.Multiplayer.Tools.NetworkProfiler.Runtime","className":"ProfilerAdapterEventListener","methodName":"SubscribeToAdapterAndMetricEvents","loadTypes":0,"isUnityClass":true},{"assemblyName":"Unity.Netcode.Components","nameSpace":"Unity.Netcode.Components","className":"NetworkAnimator","methodName":"InitializeRPCS_NetworkAnimator","loadTypes":0,"isUnityClass":true},{"assemblyName":"Unity.Netcode.Components","nameSpace":"Unity.Netcode.Components","className":"NetworkTransform","methodName":"InitializeRPCS_NetworkTransform","loadTypes":0,"isUnityClass":true},{"assemblyName":"Unity.Netcode.Runtime","nameSpace":"Unity.Netcode","className":"NetworkUpdateLoop","methodName":"Initialize","loadTypes":4,"isUnityClass":true},{"assemblyName":"Unity.Netcode.Runtime","nameSpace":"Unity.Netcode","className":"NetworkVariableSerializationTypes","methodName":"InitializeIntegerSerialization","loadTypes":2,"isUnityClass":true},{"assemblyName":"Unity.RenderPipelines.Core.Runtime","nameSpace":"UnityEngine.Experimental.Rendering","className":"XRSystem","methodName":"XRSystemInit","loadTypes":3,"isUnityClass":true},{"assemblyName":"Unity.RenderPipelines.Core.Runtime","nameSpace":"UnityEngine.Rendering","className":"DebugUpdater","methodName":"RuntimeInit","loadTypes":0,"isUnityClass":true},{"assemblyName":"Unity.VisualScripting.Core","nameSpace":"Unity.VisualScripting","className":"RuntimeVSUsageUtility","methodName":"RuntimeInitializeOnLoadBeforeSceneLoad","loadTypes":1,"isUnityClass":true}]}
